[
    {
        "name": "psr/log",
        "version": "1.0.2",
        "version_normalized": "1.0.2.0",
        "source": {
            "type": "git",
            "url": "https://github.com/php-fig/log.git",
            "reference": "4ebe3a8bf773a19edfe0a84b6585ba3d401b724d"
        },
        "dist": {
            "type": "zip",
            "url": "https://api.github.com/repos/php-fig/log/zipball/4ebe3a8bf773a19edfe0a84b6585ba3d401b724d",
            "reference": "4ebe3a8bf773a19edfe0a84b6585ba3d401b724d",
            "shasum": ""
        },
        "require": {
            "php": ">=5.3.0"
        },
        "time": "2016-10-10 12:19:37",
        "type": "library",
        "extra": {
            "branch-alias": {
                "dev-master": "1.0.x-dev"
            }
        },
        "installation-source": "dist",
        "autoload": {
            "psr-4": {
                "Psr\\Log\\": "Psr/Log/"
            }
        },
        "notification-url": "https://packagist.org/downloads/",
        "license": [
            "MIT"
        ],
        "authors": [
            {
                "name": "PHP-FIG",
                "homepage": "http://www.php-fig.org/"
            }
        ],
        "description": "Common interface for logging libraries",
        "homepage": "https://github.com/php-fig/log",
        "keywords": [
            "log",
            "psr",
            "psr-3"
        ]
    },
    {
        "name": "paypal/rest-api-sdk-php",
        "version": "1.11.0",
        "version_normalized": "1.11.0.0",
        "source": {
            "type": "git",
            "url": "https://github.com/paypal/PayPal-PHP-SDK.git",
            "reference": "7e664f12be32b975575371e8ad3bc17b6b318851"
        },
        "dist": {
            "type": "zip",
            "url": "https://api.github.com/repos/paypal/PayPal-PHP-SDK/zipball/7e664f12be32b975575371e8ad3bc17b6b318851",
            "reference": "7e664f12be32b975575371e8ad3bc17b6b318851",
            "shasum": ""
        },
        "require": {
            "ext-curl": "*",
            "ext-json": "*",
            "php": ">=5.3.0",
            "psr/log": "^1.0.0"
        },
        "require-dev": {
            "phpunit/phpunit": "3.7.*"
        },
        "time": "2016-12-14 21:59:21",
        "type": "library",
        "installation-source": "dist",
        "autoload": {
            "psr-0": {
                "PayPal": "lib/"
            }
        },
        "notification-url": "https://packagist.org/downloads/",
        "license": [
            "Apache-2.0"
        ],
        "authors": [
            {
                "name": "PayPal",
                "homepage": "https://github.com/paypal/rest-api-sdk-php/contributors"
            }
        ],
        "description": "PayPal's PHP SDK for REST APIs",
        "homepage": "http://paypal.github.io/PayPal-PHP-SDK/",
        "keywords": [
            "payments",
            "paypal",
            "rest",
            "sdk"
        ]
    }
]
